ID,Time,StaffID,Type,Queue,Predict
Availability_1,2021-01-03T08:00:00Z,staff_a,A,Queue_1,true
Availability_2,2021-01-03T08:00:00Z,staff_b,A,Queue_1,true
Availability_3,2021-01-03T08:00:00Z,staff_g,B,Queue_1,true
Availability_4,2021-01-03T08:00:00Z,staff_h,B,Queue_1,true
Availability_5,2021-01-04T17:00:00Z,staff_a,A,Queue_1,true
Availability_6,2021-01-04T17:00:00Z,staff_b,A,Queue_1,true
Availability_7,2021-01-04T17:00:00Z,staff_g,B,Queue_1,true
Availability_8,2021-01-04T17:00:00Z,staff_h,B,Queue_1,true
Availability_9,2021-01-01T03:00:00Z,staff_a,A,Queue_1,false
Availability_10,2021-01-01T03:00:00Z,staff_b,A,Queue_1,false
Availability_11,2021-01-01T03:00:00Z,staff_g,B,Queue_1,false
Availability_12,2021-01-01T03:00:00Z,staff_h,B,Queue_1,false
Availability_13,2021-01-04T14:00:00Z,staff_a,A,Queue_1,true
Availability_14,2021-01-04T14:00:00Z,staff_b,A,Queue_1,true
Availability_15,2021-01-04T14:00:00Z,staff_g,B,Queue_1,true
Availability_16,2021-01-04T14:00:00Z,staff_h,B,Queue_1,true
Availability_17,2021-01-01T11:00:00Z,staff_a,A,Queue_1,false
Availability_18,2021-01-01T11:00:00Z,staff_b,A,Queue_1,false
Availability_19,2021-01-01T11:00:00Z,staff_g,B,Queue_1,false
Availability_20,2021-01-01T11:00:00Z,staff_h,B,Queue_1,false
Availability_21,2021-01-01T11:00:00Z,staff_i,B,Queue_1,false
Availability_22,2021-01-01T04:00:00Z,staff_a,A,Queue_1,false
Availability_23,2021-01-01T04:00:00Z,staff_b,A,Queue_1,false
Availability_24,2021-01-01T04:00:00Z,staff_g,B,Queue_1,false
Availability_25,2021-01-01T04:00:00Z,staff_h,B,Queue_1,false
Availability_26,2021-01-04T10:00:00Z,staff_a,A,Queue_1,true
Availability_27,2021-01-04T10:00:00Z,staff_b,A,Queue_1,true
Availability_28,2021-01-04T10:00:00Z,staff_g,B,Queue_1,true
Availability_29,2021-01-04T10:00:00Z,staff_h,B,Queue_1,true
Availability_30,2021-01-04T16:00:00Z,staff_a,A,Queue_1,true
Availability_31,2021-01-04T16:00:00Z,staff_b,A,Queue_1,true
Availability_32,2021-01-04T16:00:00Z,staff_g,B,Queue_1,true
Availability_33,2021-01-04T16:00:00Z,staff_h,B,Queue_1,true
Availability_34,2021-01-04T04:00:00Z,staff_a,A,Queue_1,true
Availability_35,2021-01-04T04:00:00Z,staff_b,A,Queue_1,true
Availability_36,2021-01-04T04:00:00Z,staff_g,B,Queue_1,true
Availability_37,2021-01-04T04:00:00Z,staff_h,B,Queue_1,true
Availability_38,2021-01-03T09:00:00Z,staff_a,A,Queue_1,true
Availability_39,2021-01-03T09:00:00Z,staff_b,A,Queue_1,true
Availability_40,2021-01-03T09:00:00Z,staff_g,B,Queue_1,true
Availability_41,2021-01-03T09:00:00Z,staff_h,B,Queue_1,true
Availability_42,2021-01-02T04:00:00Z,staff_a,A,Queue_1,true
Availability_43,2021-01-02T04:00:00Z,staff_b,A,Queue_1,true
Availability_44,2021-01-02T04:00:00Z,staff_g,B,Queue_1,true
Availability_45,2021-01-02T04:00:00Z,staff_h,B,Queue_1,true
Availability_46,2021-01-01T02:00:00Z,staff_a,A,Queue_1,false
Availability_47,2021-01-01T02:00:00Z,staff_b,A,Queue_1,false
Availability_48,2021-01-01T02:00:00Z,staff_g,B,Queue_1,false
Availability_49,2021-01-01T02:00:00Z,staff_h,B,Queue_1,false
Availability_50,2021-01-04T15:00:00Z,staff_a,A,Queue_1,true
Availability_51,2021-01-04T15:00:00Z,staff_b,A,Queue_1,true
Availability_52,2021-01-04T15:00:00Z,staff_g,B,Queue_1,true
Availability_53,2021-01-04T15:00:00Z,staff_h,B,Queue_1,true
Availability_54,2021-01-03T21:00:00Z,staff_a,A,Queue_1,true
Availability_55,2021-01-03T21:00:00Z,staff_b,A,Queue_1,true
Availability_56,2021-01-03T21:00:00Z,staff_g,B,Queue_1,true
Availability_57,2021-01-03T21:00:00Z,staff_h,B,Queue_1,true
Availability_58,2021-01-02T12:00:00Z,staff_a,A,Queue_1,true
Availability_59,2021-01-02T12:00:00Z,staff_b,A,Queue_1,true
Availability_60,2021-01-02T12:00:00Z,staff_g,B,Queue_1,true
Availability_61,2021-01-02T12:00:00Z,staff_h,B,Queue_1,true
Availability_62,2021-01-02T12:00:00Z,staff_i,B,Queue_1,true
Availability_63,2021-01-03T22:00:00Z,staff_a,A,Queue_1,true
Availability_64,2021-01-03T22:00:00Z,staff_b,A,Queue_1,true
Availability_65,2021-01-03T22:00:00Z,staff_g,B,Queue_1,true
Availability_66,2021-01-03T22:00:00Z,staff_h,B,Queue_1,true
Availability_67,2021-01-04T23:00:00Z,staff_a,A,Queue_1,true
Availability_68,2021-01-04T23:00:00Z,staff_b,A,Queue_1,true
Availability_69,2021-01-04T23:00:00Z,staff_g,B,Queue_1,true
Availability_70,2021-01-04T23:00:00Z,staff_h,B,Queue_1,true
Availability_71,2021-01-03T02:00:00Z,staff_a,A,Queue_1,true
Availability_72,2021-01-03T02:00:00Z,staff_b,A,Queue_1,true
Availability_73,2021-01-03T02:00:00Z,staff_g,B,Queue_1,true
Availability_74,2021-01-03T02:00:00Z,staff_h,B,Queue_1,true
Availability_75,2021-01-02T00:00:00Z,staff_a,A,Queue_1,false
Availability_76,2021-01-02T00:00:00Z,staff_b,A,Queue_1,false
Availability_77,2021-01-02T00:00:00Z,staff_g,B,Queue_1,false
Availability_78,2021-01-02T00:00:00Z,staff_h,B,Queue_1,false
Availability_79,2021-01-02T18:00:00Z,staff_a,A,Queue_1,true
Availability_80,2021-01-02T18:00:00Z,staff_b,A,Queue_1,true
Availability_81,2021-01-02T18:00:00Z,staff_g,B,Queue_1,true
Availability_82,2021-01-02T18:00:00Z,staff_h,B,Queue_1,true
Availability_83,2021-01-03T05:00:00Z,staff_a,A,Queue_1,true
Availability_84,2021-01-03T05:00:00Z,staff_b,A,Queue_1,true
Availability_85,2021-01-03T05:00:00Z,staff_g,B,Queue_1,true
Availability_86,2021-01-03T05:00:00Z,staff_h,B,Queue_1,true
Availability_87,2021-01-04T07:00:00Z,staff_a,A,Queue_1,true
Availability_88,2021-01-04T07:00:00Z,staff_b,A,Queue_1,true
Availability_89,2021-01-04T07:00:00Z,staff_g,B,Queue_1,true
Availability_90,2021-01-04T07:00:00Z,staff_h,B,Queue_1,true
Availability_91,2021-01-04T06:00:00Z,staff_a,A,Queue_1,true
Availability_92,2021-01-04T06:00:00Z,staff_b,A,Queue_1,true
Availability_93,2021-01-04T06:00:00Z,staff_g,B,Queue_1,true
Availability_94,2021-01-04T06:00:00Z,staff_h,B,Queue_1,true
Availability_95,2021-01-04T12:00:00Z,staff_a,A,Queue_1,true
Availability_96,2021-01-04T12:00:00Z,staff_b,A,Queue_1,true
Availability_97,2021-01-04T12:00:00Z,staff_g,B,Queue_1,true
Availability_98,2021-01-04T12:00:00Z,staff_h,B,Queue_1,true
Availability_99,2021-01-04T12:00:00Z,staff_i,B,Queue_1,true
Availability_100,2021-01-02T22:00:00Z,staff_a,A,Queue_1,true
Availability_101,2021-01-02T22:00:00Z,staff_b,A,Queue_1,true
Availability_102,2021-01-02T22:00:00Z,staff_g,B,Queue_1,true
Availability_103,2021-01-02T22:00:00Z,staff_h,B,Queue_1,true
Availability_104,2021-01-02T06:00:00Z,staff_a,A,Queue_1,true
Availability_105,2021-01-02T06:00:00Z,staff_b,A,Queue_1,true
Availability_106,2021-01-02T06:00:00Z,staff_g,B,Queue_1,true
Availability_107,2021-01-02T06:00:00Z,staff_h,B,Queue_1,true
Availability_108,2021-01-03T13:00:00Z,staff_a,A,Queue_1,true
Availability_109,2021-01-03T13:00:00Z,staff_b,A,Queue_1,true
Availability_110,2021-01-03T13:00:00Z,staff_g,B,Queue_1,true
Availability_111,2021-01-03T13:00:00Z,staff_h,B,Queue_1,true
Availability_112,2021-01-03T13:00:00Z,staff_i,B,Queue_1,true
Availability_113,2021-01-02T05:00:00Z,staff_a,A,Queue_1,true
Availability_114,2021-01-02T05:00:00Z,staff_b,A,Queue_1,true
Availability_115,2021-01-02T05:00:00Z,staff_g,B,Queue_1,true
Availability_116,2021-01-02T05:00:00Z,staff_h,B,Queue_1,true
Availability_117,2021-01-01T05:00:00Z,staff_a,A,Queue_1,false
Availability_118,2021-01-01T05:00:00Z,staff_b,A,Queue_1,false
Availability_119,2021-01-01T05:00:00Z,staff_g,B,Queue_1,false
Availability_120,2021-01-01T05:00:00Z,staff_h,B,Queue_1,false
Availability_121,2021-01-04T19:00:00Z,staff_a,A,Queue_1,true
Availability_122,2021-01-04T19:00:00Z,staff_b,A,Queue_1,true
Availability_123,2021-01-04T19:00:00Z,staff_g,B,Queue_1,true
Availability_124,2021-01-04T19:00:00Z,staff_h,B,Queue_1,true
Availability_125,2021-01-04T18:00:00Z,staff_a,A,Queue_1,true
Availability_126,2021-01-04T18:00:00Z,staff_b,A,Queue_1,true
Availability_127,2021-01-04T18:00:00Z,staff_g,B,Queue_1,true
Availability_128,2021-01-04T18:00:00Z,staff_h,B,Queue_1,true
Availability_129,2021-01-03T18:00:00Z,staff_a,A,Queue_1,true
Availability_130,2021-01-03T18:00:00Z,staff_b,A,Queue_1,true
Availability_131,2021-01-03T18:00:00Z,staff_g,B,Queue_1,true
Availability_132,2021-01-03T18:00:00Z,staff_h,B,Queue_1,true
Availability_133,2021-01-04T13:00:00Z,staff_a,A,Queue_1,true
Availability_134,2021-01-04T13:00:00Z,staff_b,A,Queue_1,true
Availability_135,2021-01-04T13:00:00Z,staff_g,B,Queue_1,true
Availability_136,2021-01-04T13:00:00Z,staff_h,B,Queue_1,true
Availability_137,2021-01-04T13:00:00Z,staff_i,B,Queue_1,true
Availability_138,2021-01-01T01:00:00Z,staff_a,A,Queue_1,false
Availability_139,2021-01-01T01:00:00Z,staff_b,A,Queue_1,false
Availability_140,2021-01-01T01:00:00Z,staff_g,B,Queue_1,false
Availability_141,2021-01-01T01:00:00Z,staff_h,B,Queue_1,false
Availability_142,2021-01-03T14:00:00Z,staff_a,A,Queue_1,true
Availability_143,2021-01-03T14:00:00Z,staff_b,A,Queue_1,true
Availability_144,2021-01-03T14:00:00Z,staff_g,B,Queue_1,true
Availability_145,2021-01-03T14:00:00Z,staff_h,B,Queue_1,true
Availability_146,2021-01-01T10:00:00Z,staff_a,A,Queue_1,false
Availability_147,2021-01-01T10:00:00Z,staff_b,A,Queue_1,false
Availability_148,2021-01-01T10:00:00Z,staff_g,B,Queue_1,false
Availability_149,2021-01-01T10:00:00Z,staff_h,B,Queue_1,false
Availability_150,2021-01-01T00:00:00Z,staff_a,A,Queue_1,false
Availability_151,2021-01-01T00:00:00Z,staff_b,A,Queue_1,false
Availability_152,2021-01-01T00:00:00Z,staff_g,B,Queue_1,false
Availability_153,2021-01-01T00:00:00Z,staff_h,B,Queue_1,false
Availability_154,2021-01-03T07:00:00Z,staff_a,A,Queue_1,true
Availability_155,2021-01-03T07:00:00Z,staff_b,A,Queue_1,true
Availability_156,2021-01-03T07:00:00Z,staff_g,B,Queue_1,true
Availability_157,2021-01-03T07:00:00Z,staff_h,B,Queue_1,true
Availability_158,2021-01-05T00:00:00Z,staff_a,A,Queue_1,true
Availability_159,2021-01-05T00:00:00Z,staff_b,A,Queue_1,true
Availability_160,2021-01-05T00:00:00Z,staff_g,B,Queue_1,true
Availability_161,2021-01-05T00:00:00Z,staff_h,B,Queue_1,true
Availability_162,2021-01-02T23:00:00Z,staff_a,A,Queue_1,true
Availability_163,2021-01-02T23:00:00Z,staff_b,A,Queue_1,true
Availability_164,2021-01-02T23:00:00Z,staff_g,B,Queue_1,true
Availability_165,2021-01-02T23:00:00Z,staff_h,B,Queue_1,true
Availability_166,2021-01-01T12:00:00Z,staff_a,A,Queue_1,false
Availability_167,2021-01-01T12:00:00Z,staff_b,A,Queue_1,false
Availability_168,2021-01-01T12:00:00Z,staff_g,B,Queue_1,false
Availability_169,2021-01-01T12:00:00Z,staff_h,B,Queue_1,false
Availability_170,2021-01-01T12:00:00Z,staff_i,B,Queue_1,false
Availability_171,2021-01-03T15:00:00Z,staff_a,A,Queue_1,true
Availability_172,2021-01-03T15:00:00Z,staff_b,A,Queue_1,true
Availability_173,2021-01-03T15:00:00Z,staff_g,B,Queue_1,true
Availability_174,2021-01-03T15:00:00Z,staff_h,B,Queue_1,true
Availability_175,2021-01-03T23:00:00Z,staff_a,A,Queue_1,true
Availability_176,2021-01-03T23:00:00Z,staff_b,A,Queue_1,true
Availability_177,2021-01-03T23:00:00Z,staff_g,B,Queue_1,true
Availability_178,2021-01-03T23:00:00Z,staff_h,B,Queue_1,true
Availability_179,2021-01-01T06:00:00Z,staff_a,A,Queue_1,false
Availability_180,2021-01-01T06:00:00Z,staff_b,A,Queue_1,false
Availability_181,2021-01-01T06:00:00Z,staff_g,B,Queue_1,false
Availability_182,2021-01-01T06:00:00Z,staff_h,B,Queue_1,false
Availability_183,2021-01-02T14:00:00Z,staff_a,A,Queue_1,true
Availability_184,2021-01-02T14:00:00Z,staff_b,A,Queue_1,true
Availability_185,2021-01-02T14:00:00Z,staff_g,B,Queue_1,true
Availability_186,2021-01-02T14:00:00Z,staff_h,B,Queue_1,true
Availability_187,2021-01-02T03:00:00Z,staff_a,A,Queue_1,true
Availability_188,2021-01-02T03:00:00Z,staff_b,A,Queue_1,true
Availability_189,2021-01-02T03:00:00Z,staff_g,B,Queue_1,true
Availability_190,2021-01-02T03:00:00Z,staff_h,B,Queue_1,true
Availability_191,2021-01-02T21:00:00Z,staff_a,A,Queue_1,true
Availability_192,2021-01-02T21:00:00Z,staff_b,A,Queue_1,true
Availability_193,2021-01-02T21:00:00Z,staff_g,B,Queue_1,true
Availability_194,2021-01-02T21:00:00Z,staff_h,B,Queue_1,true
Availability_195,2021-01-02T11:00:00Z,staff_a,A,Queue_1,true
Availability_196,2021-01-02T11:00:00Z,staff_b,A,Queue_1,true
Availability_197,2021-01-02T11:00:00Z,staff_g,B,Queue_1,true
Availability_198,2021-01-02T11:00:00Z,staff_h,B,Queue_1,true
Availability_199,2021-01-02T11:00:00Z,staff_i,B,Queue_1,true
Availability_200,2021-01-03T19:00:00Z,staff_a,A,Queue_1,true
Availability_201,2021-01-03T19:00:00Z,staff_b,A,Queue_1,true
Availability_202,2021-01-03T19:00:00Z,staff_g,B,Queue_1,true
Availability_203,2021-01-03T19:00:00Z,staff_h,B,Queue_1,true
Availability_204,2021-01-03T11:00:00Z,staff_a,A,Queue_1,true
Availability_205,2021-01-03T11:00:00Z,staff_b,A,Queue_1,true
Availability_206,2021-01-03T11:00:00Z,staff_g,B,Queue_1,true
Availability_207,2021-01-03T11:00:00Z,staff_h,B,Queue_1,true
Availability_208,2021-01-03T11:00:00Z,staff_i,B,Queue_1,true
Availability_209,2021-01-03T17:00:00Z,staff_a,A,Queue_1,true
Availability_210,2021-01-03T17:00:00Z,staff_b,A,Queue_1,true
Availability_211,2021-01-03T17:00:00Z,staff_g,B,Queue_1,true
Availability_212,2021-01-03T17:00:00Z,staff_h,B,Queue_1,true
Availability_213,2021-01-01T18:00:00Z,staff_a,A,Queue_1,false
Availability_214,2021-01-01T18:00:00Z,staff_b,A,Queue_1,false
Availability_215,2021-01-01T18:00:00Z,staff_g,B,Queue_1,false
Availability_216,2021-01-01T18:00:00Z,staff_h,B,Queue_1,false
Availability_217,2021-01-04T03:00:00Z,staff_a,A,Queue_1,true
Availability_218,2021-01-04T03:00:00Z,staff_b,A,Queue_1,true
Availability_219,2021-01-04T03:00:00Z,staff_g,B,Queue_1,true
Availability_220,2021-01-04T03:00:00Z,staff_h,B,Queue_1,true
Availability_221,2021-01-03T20:00:00Z,staff_a,A,Queue_1,true
Availability_222,2021-01-03T20:00:00Z,staff_b,A,Queue_1,true
Availability_223,2021-01-03T20:00:00Z,staff_g,B,Queue_1,true
Availability_224,2021-01-03T20:00:00Z,staff_h,B,Queue_1,true
Availability_225,2021-01-01T20:00:00Z,staff_a,A,Queue_1,false
Availability_226,2021-01-01T20:00:00Z,staff_b,A,Queue_1,false
Availability_227,2021-01-01T20:00:00Z,staff_g,B,Queue_1,false
Availability_228,2021-01-01T20:00:00Z,staff_h,B,Queue_1,false
Availability_229,2021-01-03T01:00:00Z,staff_a,A,Queue_1,true
Availability_230,2021-01-03T01:00:00Z,staff_b,A,Queue_1,true
Availability_231,2021-01-03T01:00:00Z,staff_g,B,Queue_1,true
Availability_232,2021-01-03T01:00:00Z,staff_h,B,Queue_1,true
Availability_233,2021-01-03T03:00:00Z,staff_a,A,Queue_1,true
Availability_234,2021-01-03T03:00:00Z,staff_b,A,Queue_1,true
Availability_235,2021-01-03T03:00:00Z,staff_g,B,Queue_1,true
Availability_236,2021-01-03T03:00:00Z,staff_h,B,Queue_1,true
Availability_237,2021-01-03T10:00:00Z,staff_a,A,Queue_1,true
Availability_238,2021-01-03T10:00:00Z,staff_b,A,Queue_1,true
Availability_239,2021-01-03T10:00:00Z,staff_g,B,Queue_1,true
Availability_240,2021-01-03T10:00:00Z,staff_h,B,Queue_1,true
Availability_241,2021-01-01T21:00:00Z,staff_a,A,Queue_1,false
Availability_242,2021-01-01T21:00:00Z,staff_b,A,Queue_1,false
Availability_243,2021-01-01T21:00:00Z,staff_g,B,Queue_1,false
Availability_244,2021-01-01T21:00:00Z,staff_h,B,Queue_1,false
Availability_245,2021-01-01T08:00:00Z,staff_a,A,Queue_1,false
Availability_246,2021-01-01T08:00:00Z,staff_b,A,Queue_1,false
Availability_247,2021-01-01T08:00:00Z,staff_g,B,Queue_1,false
Availability_248,2021-01-01T08:00:00Z,staff_h,B,Queue_1,false
Availability_249,2021-01-02T08:00:00Z,staff_a,A,Queue_1,true
Availability_250,2021-01-02T08:00:00Z,staff_b,A,Queue_1,true
Availability_251,2021-01-02T08:00:00Z,staff_g,B,Queue_1,true
Availability_252,2021-01-02T08:00:00Z,staff_h,B,Queue_1,true
Availability_253,2021-01-04T21:00:00Z,staff_a,A,Queue_1,true
Availability_254,2021-01-04T21:00:00Z,staff_b,A,Queue_1,true
Availability_255,2021-01-04T21:00:00Z,staff_g,B,Queue_1,true
Availability_256,2021-01-04T21:00:00Z,staff_h,B,Queue_1,true
Availability_257,2021-01-01T15:00:00Z,staff_a,A,Queue_1,false
Availability_258,2021-01-01T15:00:00Z,staff_b,A,Queue_1,false
Availability_259,2021-01-01T15:00:00Z,staff_g,B,Queue_1,false
Availability_260,2021-01-01T15:00:00Z,staff_h,B,Queue_1,false
Availability_261,2021-01-04T05:00:00Z,staff_a,A,Queue_1,true
Availability_262,2021-01-04T05:00:00Z,staff_b,A,Queue_1,true
Availability_263,2021-01-04T05:00:00Z,staff_g,B,Queue_1,true
Availability_264,2021-01-04T05:00:00Z,staff_h,B,Queue_1,true
Availability_265,2021-01-02T01:00:00Z,staff_a,A,Queue_1,true
Availability_266,2021-01-02T01:00:00Z,staff_b,A,Queue_1,true
Availability_267,2021-01-02T01:00:00Z,staff_g,B,Queue_1,true
Availability_268,2021-01-02T01:00:00Z,staff_h,B,Queue_1,true
Availability_269,2021-01-04T00:00:00Z,staff_a,A,Queue_1,true
Availability_270,2021-01-04T00:00:00Z,staff_b,A,Queue_1,true
Availability_271,2021-01-04T00:00:00Z,staff_g,B,Queue_1,true
Availability_272,2021-01-04T00:00:00Z,staff_h,B,Queue_1,true
Availability_273,2021-01-04T20:00:00Z,staff_a,A,Queue_1,true
Availability_274,2021-01-04T20:00:00Z,staff_b,A,Queue_1,true
Availability_275,2021-01-04T20:00:00Z,staff_g,B,Queue_1,true
Availability_276,2021-01-04T20:00:00Z,staff_h,B,Queue_1,true
Availability_277,2021-01-01T07:00:00Z,staff_a,A,Queue_1,false
Availability_278,2021-01-01T07:00:00Z,staff_b,A,Queue_1,false
Availability_279,2021-01-01T07:00:00Z,staff_g,B,Queue_1,false
Availability_280,2021-01-01T07:00:00Z,staff_h,B,Queue_1,false
Availability_281,2021-01-04T22:00:00Z,staff_a,A,Queue_1,true
Availability_282,2021-01-04T22:00:00Z,staff_b,A,Queue_1,true
Availability_283,2021-01-04T22:00:00Z,staff_g,B,Queue_1,true
Availability_284,2021-01-04T22:00:00Z,staff_h,B,Queue_1,true
Availability_285,2021-01-02T02:00:00Z,staff_a,A,Queue_1,true
Availability_286,2021-01-02T02:00:00Z,staff_b,A,Queue_1,true
Availability_287,2021-01-02T02:00:00Z,staff_g,B,Queue_1,true
Availability_288,2021-01-02T02:00:00Z,staff_h,B,Queue_1,true
Availability_289,2021-01-04T01:00:00Z,staff_a,A,Queue_1,true
Availability_290,2021-01-04T01:00:00Z,staff_b,A,Queue_1,true
Availability_291,2021-01-04T01:00:00Z,staff_g,B,Queue_1,true
Availability_292,2021-01-04T01:00:00Z,staff_h,B,Queue_1,true
Availability_293,2021-01-01T23:00:00Z,staff_a,A,Queue_1,false
Availability_294,2021-01-01T23:00:00Z,staff_b,A,Queue_1,false
Availability_295,2021-01-01T23:00:00Z,staff_g,B,Queue_1,false
Availability_296,2021-01-01T23:00:00Z,staff_h,B,Queue_1,false
Availability_297,2021-01-04T02:00:00Z,staff_a,A,Queue_1,true
Availability_298,2021-01-04T02:00:00Z,staff_b,A,Queue_1,true
Availability_299,2021-01-04T02:00:00Z,staff_g,B,Queue_1,true
Availability_300,2021-01-04T02:00:00Z,staff_h,B,Queue_1,true
Availability_301,2021-01-02T13:00:00Z,staff_a,A,Queue_1,true
Availability_302,2021-01-02T13:00:00Z,staff_b,A,Queue_1,true
Availability_303,2021-01-02T13:00:00Z,staff_g,B,Queue_1,true
Availability_304,2021-01-02T13:00:00Z,staff_h,B,Queue_1,true
Availability_305,2021-01-02T13:00:00Z,staff_i,B,Queue_1,true
Availability_306,2021-01-03T06:00:00Z,staff_a,A,Queue_1,true
Availability_307,2021-01-03T06:00:00Z,staff_b,A,Queue_1,true
Availability_308,2021-01-03T06:00:00Z,staff_g,B,Queue_1,true
Availability_309,2021-01-03T06:00:00Z,staff_h,B,Queue_1,true
Availability_310,2021-01-01T13:00:00Z,staff_a,A,Queue_1,false
Availability_311,2021-01-01T13:00:00Z,staff_b,A,Queue_1,false
Availability_312,2021-01-01T13:00:00Z,staff_g,B,Queue_1,false
Availability_313,2021-01-01T13:00:00Z,staff_h,B,Queue_1,false
Availability_314,2021-01-01T13:00:00Z,staff_i,B,Queue_1,false
Availability_315,2021-01-01T16:00:00Z,staff_a,A,Queue_1,false
Availability_316,2021-01-01T16:00:00Z,staff_b,A,Queue_1,false
Availability_317,2021-01-01T16:00:00Z,staff_g,B,Queue_1,false
Availability_318,2021-01-01T16:00:00Z,staff_h,B,Queue_1,false
Availability_319,2021-01-01T09:00:00Z,staff_a,A,Queue_1,false
Availability_320,2021-01-01T09:00:00Z,staff_b,A,Queue_1,false
Availability_321,2021-01-01T09:00:00Z,staff_g,B,Queue_1,false
Availability_322,2021-01-01T09:00:00Z,staff_h,B,Queue_1,false
Availability_323,2021-01-03T16:00:00Z,staff_a,A,Queue_1,true
Availability_324,2021-01-03T16:00:00Z,staff_b,A,Queue_1,true
Availability_325,2021-01-03T16:00:00Z,staff_g,B,Queue_1,true
Availability_326,2021-01-03T16:00:00Z,staff_h,B,Queue_1,true
Availability_327,2021-01-02T20:00:00Z,staff_a,A,Queue_1,true
Availability_328,2021-01-02T20:00:00Z,staff_b,A,Queue_1,true
Availability_329,2021-01-02T20:00:00Z,staff_g,B,Queue_1,true
Availability_330,2021-01-02T20:00:00Z,staff_h,B,Queue_1,true
Availability_331,2021-01-01T17:00:00Z,staff_a,A,Queue_1,false
Availability_332,2021-01-01T17:00:00Z,staff_b,A,Queue_1,false
Availability_333,2021-01-01T17:00:00Z,staff_g,B,Queue_1,false
Availability_334,2021-01-01T17:00:00Z,staff_h,B,Queue_1,false
Availability_335,2021-01-01T19:00:00Z,staff_a,A,Queue_1,false
Availability_336,2021-01-01T19:00:00Z,staff_b,A,Queue_1,false
Availability_337,2021-01-01T19:00:00Z,staff_g,B,Queue_1,false
Availability_338,2021-01-01T19:00:00Z,staff_h,B,Queue_1,false
Availability_339,2021-01-02T09:00:00Z,staff_a,A,Queue_1,true
Availability_340,2021-01-02T09:00:00Z,staff_b,A,Queue_1,true
Availability_341,2021-01-02T09:00:00Z,staff_g,B,Queue_1,true
Availability_342,2021-01-02T09:00:00Z,staff_h,B,Queue_1,true
Availability_343,2021-01-03T04:00:00Z,staff_a,A,Queue_1,true
Availability_344,2021-01-03T04:00:00Z,staff_b,A,Queue_1,true
Availability_345,2021-01-03T04:00:00Z,staff_g,B,Queue_1,true
Availability_346,2021-01-03T04:00:00Z,staff_h,B,Queue_1,true
Availability_347,2021-01-02T16:00:00Z,staff_a,A,Queue_1,true
Availability_348,2021-01-02T16:00:00Z,staff_b,A,Queue_1,true
Availability_349,2021-01-02T16:00:00Z,staff_g,B,Queue_1,true
Availability_350,2021-01-02T16:00:00Z,staff_h,B,Queue_1,true
Availability_351,2021-01-04T11:00:00Z,staff_a,A,Queue_1,true
Availability_352,2021-01-04T11:00:00Z,staff_b,A,Queue_1,true
Availability_353,2021-01-04T11:00:00Z,staff_g,B,Queue_1,true
Availability_354,2021-01-04T11:00:00Z,staff_h,B,Queue_1,true
Availability_355,2021-01-04T11:00:00Z,staff_i,B,Queue_1,true
Availability_356,2021-01-02T19:00:00Z,staff_a,A,Queue_1,true
Availability_357,2021-01-02T19:00:00Z,staff_b,A,Queue_1,true
Availability_358,2021-01-02T19:00:00Z,staff_g,B,Queue_1,true
Availability_359,2021-01-02T19:00:00Z,staff_h,B,Queue_1,true
Availability_360,2021-01-03T12:00:00Z,staff_a,A,Queue_1,true
Availability_361,2021-01-03T12:00:00Z,staff_b,A,Queue_1,true
Availability_362,2021-01-03T12:00:00Z,staff_g,B,Queue_1,true
Availability_363,2021-01-03T12:00:00Z,staff_h,B,Queue_1,true
Availability_364,2021-01-03T12:00:00Z,staff_i,B,Queue_1,true
Availability_365,2021-01-04T09:00:00Z,staff_a,A,Queue_1,true
Availability_366,2021-01-04T09:00:00Z,staff_b,A,Queue_1,true
Availability_367,2021-01-04T09:00:00Z,staff_g,B,Queue_1,true
Availability_368,2021-01-04T09:00:00Z,staff_h,B,Queue_1,true
Availability_369,2021-01-02T10:00:00Z,staff_a,A,Queue_1,true
Availability_370,2021-01-02T10:00:00Z,staff_b,A,Queue_1,true
Availability_371,2021-01-02T10:00:00Z,staff_g,B,Queue_1,true
Availability_372,2021-01-02T10:00:00Z,staff_h,B,Queue_1,true
Availability_373,2021-01-04T08:00:00Z,staff_a,A,Queue_1,true
Availability_374,2021-01-04T08:00:00Z,staff_b,A,Queue_1,true
Availability_375,2021-01-04T08:00:00Z,staff_g,B,Queue_1,true
Availability_376,2021-01-04T08:00:00Z,staff_h,B,Queue_1,true
Availability_377,2021-01-03T00:00:00Z,staff_a,A,Queue_1,true
Availability_378,2021-01-03T00:00:00Z,staff_b,A,Queue_1,true
Availability_379,2021-01-03T00:00:00Z,staff_g,B,Queue_1,true
Availability_380,2021-01-03T00:00:00Z,staff_h,B,Queue_1,true
Availability_381,2021-01-01T22:00:00Z,staff_a,A,Queue_1,false
Availability_382,2021-01-01T22:00:00Z,staff_b,A,Queue_1,false
Availability_383,2021-01-01T22:00:00Z,staff_g,B,Queue_1,false
Availability_384,2021-01-01T22:00:00Z,staff_h,B,Queue_1,false
Availability_385,2021-01-01T14:00:00Z,staff_a,A,Queue_1,false
Availability_386,2021-01-01T14:00:00Z,staff_b,A,Queue_1,false
Availability_387,2021-01-01T14:00:00Z,staff_g,B,Queue_1,false
Availability_388,2021-01-01T14:00:00Z,staff_h,B,Queue_1,false
Availability_389,2021-01-02T15:00:00Z,staff_a,A,Queue_1,true
Availability_390,2021-01-02T15:00:00Z,staff_b,A,Queue_1,true
Availability_391,2021-01-02T15:00:00Z,staff_g,B,Queue_1,true
Availability_392,2021-01-02T15:00:00Z,staff_h,B,Queue_1,true
Availability_393,2021-01-02T17:00:00Z,staff_a,A,Queue_1,true
Availability_394,2021-01-02T17:00:00Z,staff_b,A,Queue_1,true
Availability_395,2021-01-02T17:00:00Z,staff_g,B,Queue_1,true
Availability_396,2021-01-02T17:00:00Z,staff_h,B,Queue_1,true
Availability_397,2021-01-02T07:00:00Z,staff_a,A,Queue_1,true
Availability_398,2021-01-02T07:00:00Z,staff_b,A,Queue_1,true
Availability_399,2021-01-02T07:00:00Z,staff_g,B,Queue_1,true
Availability_400,2021-01-02T07:00:00Z,staff_h,B,Queue_1,true
Availability_401,2021-01-03T08:00:00Z,staff_c,A,Queue_2,true
Availability_402,2021-01-03T08:00:00Z,staff_d,A,Queue_2,true
Availability_403,2021-01-03T08:00:00Z,staff_i,B,Queue_2,true
Availability_404,2021-01-03T08:00:00Z,staff_j,B,Queue_2,true
Availability_405,2021-01-04T17:00:00Z,staff_c,A,Queue_2,true
Availability_406,2021-01-04T17:00:00Z,staff_d,A,Queue_2,true
Availability_407,2021-01-04T17:00:00Z,staff_i,B,Queue_2,true
Availability_408,2021-01-04T17:00:00Z,staff_j,B,Queue_2,true
Availability_409,2021-01-01T03:00:00Z,staff_c,A,Queue_2,false
Availability_410,2021-01-01T03:00:00Z,staff_d,A,Queue_2,false
Availability_411,2021-01-01T03:00:00Z,staff_i,B,Queue_2,false
Availability_412,2021-01-01T03:00:00Z,staff_j,B,Queue_2,false
Availability_413,2021-01-04T14:00:00Z,staff_c,A,Queue_2,true
Availability_414,2021-01-04T14:00:00Z,staff_d,A,Queue_2,true
Availability_415,2021-01-04T14:00:00Z,staff_i,B,Queue_2,true
Availability_416,2021-01-04T14:00:00Z,staff_j,B,Queue_2,true
Availability_417,2021-01-01T11:00:00Z,staff_c,A,Queue_2,false
Availability_418,2021-01-01T11:00:00Z,staff_d,A,Queue_2,false
Availability_419,2021-01-01T11:00:00Z,staff_j,B,Queue_2,false
Availability_420,2021-01-01T11:00:00Z,staff_k,B,Queue_2,false
Availability_421,2021-01-01T11:00:00Z,staff_l,B,Queue_2,false
Availability_422,2021-01-01T04:00:00Z,staff_c,A,Queue_2,false
Availability_423,2021-01-01T04:00:00Z,staff_d,A,Queue_2,false
Availability_424,2021-01-01T04:00:00Z,staff_i,B,Queue_2,false
Availability_425,2021-01-01T04:00:00Z,staff_j,B,Queue_2,false
Availability_426,2021-01-04T10:00:00Z,staff_c,A,Queue_2,true
Availability_427,2021-01-04T10:00:00Z,staff_d,A,Queue_2,true
Availability_428,2021-01-04T10:00:00Z,staff_i,B,Queue_2,true
Availability_429,2021-01-04T10:00:00Z,staff_j,B,Queue_2,true
Availability_430,2021-01-04T16:00:00Z,staff_c,A,Queue_2,true
Availability_431,2021-01-04T16:00:00Z,staff_d,A,Queue_2,true
Availability_432,2021-01-04T16:00:00Z,staff_i,B,Queue_2,true
Availability_433,2021-01-04T16:00:00Z,staff_j,B,Queue_2,true
Availability_434,2021-01-04T04:00:00Z,staff_c,A,Queue_2,true
Availability_435,2021-01-04T04:00:00Z,staff_d,A,Queue_2,true
Availability_436,2021-01-04T04:00:00Z,staff_i,B,Queue_2,true
Availability_437,2021-01-04T04:00:00Z,staff_j,B,Queue_2,true
Availability_438,2021-01-03T09:00:00Z,staff_c,A,Queue_2,true
Availability_439,2021-01-03T09:00:00Z,staff_d,A,Queue_2,true
Availability_440,2021-01-03T09:00:00Z,staff_i,B,Queue_2,true
Availability_441,2021-01-03T09:00:00Z,staff_j,B,Queue_2,true
Availability_442,2021-01-02T04:00:00Z,staff_c,A,Queue_2,true
Availability_443,2021-01-02T04:00:00Z,staff_d,A,Queue_2,true
Availability_444,2021-01-02T04:00:00Z,staff_i,B,Queue_2,true
Availability_445,2021-01-02T04:00:00Z,staff_j,B,Queue_2,true
Availability_446,2021-01-01T02:00:00Z,staff_c,A,Queue_2,false
Availability_447,2021-01-01T02:00:00Z,staff_d,A,Queue_2,false
Availability_448,2021-01-01T02:00:00Z,staff_i,B,Queue_2,false
Availability_449,2021-01-01T02:00:00Z,staff_j,B,Queue_2,false
Availability_450,2021-01-04T15:00:00Z,staff_c,A,Queue_2,true
Availability_451,2021-01-04T15:00:00Z,staff_d,A,Queue_2,true
Availability_452,2021-01-04T15:00:00Z,staff_i,B,Queue_2,true
Availability_453,2021-01-04T15:00:00Z,staff_j,B,Queue_2,true
Availability_454,2021-01-03T21:00:00Z,staff_c,A,Queue_2,true
Availability_455,2021-01-03T21:00:00Z,staff_d,A,Queue_2,true
Availability_456,2021-01-03T21:00:00Z,staff_i,B,Queue_2,true
Availability_457,2021-01-03T21:00:00Z,staff_j,B,Queue_2,true
Availability_458,2021-01-02T12:00:00Z,staff_c,A,Queue_2,true
Availability_459,2021-01-02T12:00:00Z,staff_d,A,Queue_2,true
Availability_460,2021-01-02T12:00:00Z,staff_j,B,Queue_2,true
Availability_461,2021-01-02T12:00:00Z,staff_k,B,Queue_2,true
Availability_462,2021-01-02T12:00:00Z,staff_l,B,Queue_2,true
Availability_463,2021-01-03T22:00:00Z,staff_c,A,Queue_2,true
Availability_464,2021-01-03T22:00:00Z,staff_d,A,Queue_2,true
Availability_465,2021-01-03T22:00:00Z,staff_i,B,Queue_2,true
Availability_466,2021-01-03T22:00:00Z,staff_j,B,Queue_2,true
Availability_467,2021-01-04T23:00:00Z,staff_c,A,Queue_2,true
Availability_468,2021-01-04T23:00:00Z,staff_d,A,Queue_2,true
Availability_469,2021-01-04T23:00:00Z,staff_i,B,Queue_2,true
Availability_470,2021-01-04T23:00:00Z,staff_j,B,Queue_2,true
Availability_471,2021-01-03T02:00:00Z,staff_c,A,Queue_2,true
Availability_472,2021-01-03T02:00:00Z,staff_d,A,Queue_2,true
Availability_473,2021-01-03T02:00:00Z,staff_i,B,Queue_2,true
Availability_474,2021-01-03T02:00:00Z,staff_j,B,Queue_2,true
Availability_475,2021-01-02T00:00:00Z,staff_c,A,Queue_2,false
Availability_476,2021-01-02T00:00:00Z,staff_d,A,Queue_2,false
Availability_477,2021-01-02T00:00:00Z,staff_i,B,Queue_2,false
Availability_478,2021-01-02T00:00:00Z,staff_j,B,Queue_2,false
Availability_479,2021-01-02T18:00:00Z,staff_c,A,Queue_2,true
Availability_480,2021-01-02T18:00:00Z,staff_d,A,Queue_2,true
Availability_481,2021-01-02T18:00:00Z,staff_i,B,Queue_2,true
Availability_482,2021-01-02T18:00:00Z,staff_j,B,Queue_2,true
Availability_483,2021-01-03T05:00:00Z,staff_c,A,Queue_2,true
Availability_484,2021-01-03T05:00:00Z,staff_d,A,Queue_2,true
Availability_485,2021-01-03T05:00:00Z,staff_i,B,Queue_2,true
Availability_486,2021-01-03T05:00:00Z,staff_j,B,Queue_2,true
Availability_487,2021-01-04T07:00:00Z,staff_c,A,Queue_2,true
Availability_488,2021-01-04T07:00:00Z,staff_d,A,Queue_2,true
Availability_489,2021-01-04T07:00:00Z,staff_i,B,Queue_2,true
Availability_490,2021-01-04T07:00:00Z,staff_j,B,Queue_2,true
Availability_491,2021-01-04T06:00:00Z,staff_c,A,Queue_2,true
Availability_492,2021-01-04T06:00:00Z,staff_d,A,Queue_2,true
Availability_493,2021-01-04T06:00:00Z,staff_i,B,Queue_2,true
Availability_494,2021-01-04T06:00:00Z,staff_j,B,Queue_2,true
Availability_495,2021-01-04T12:00:00Z,staff_c,A,Queue_2,true
Availability_496,2021-01-04T12:00:00Z,staff_d,A,Queue_2,true
Availability_497,2021-01-04T12:00:00Z,staff_j,B,Queue_2,true
Availability_498,2021-01-04T12:00:00Z,staff_k,B,Queue_2,true
Availability_499,2021-01-04T12:00:00Z,staff_l,B,Queue_2,true
Availability_500,2021-01-02T22:00:00Z,staff_c,A,Queue_2,true
Availability_501,2021-01-02T22:00:00Z,staff_d,A,Queue_2,true
Availability_502,2021-01-02T22:00:00Z,staff_i,B,Queue_2,true
Availability_503,2021-01-02T22:00:00Z,staff_j,B,Queue_2,true
Availability_504,2021-01-02T06:00:00Z,staff_c,A,Queue_2,true
Availability_505,2021-01-02T06:00:00Z,staff_d,A,Queue_2,true
Availability_506,2021-01-02T06:00:00Z,staff_i,B,Queue_2,true
Availability_507,2021-01-02T06:00:00Z,staff_j,B,Queue_2,true
Availability_508,2021-01-03T13:00:00Z,staff_c,A,Queue_2,true
Availability_509,2021-01-03T13:00:00Z,staff_d,A,Queue_2,true
Availability_510,2021-01-03T13:00:00Z,staff_j,B,Queue_2,true
Availability_511,2021-01-03T13:00:00Z,staff_k,B,Queue_2,true
Availability_512,2021-01-03T13:00:00Z,staff_l,B,Queue_2,true
Availability_513,2021-01-02T05:00:00Z,staff_c,A,Queue_2,true
Availability_514,2021-01-02T05:00:00Z,staff_d,A,Queue_2,true
Availability_515,2021-01-02T05:00:00Z,staff_i,B,Queue_2,true
Availability_516,2021-01-02T05:00:00Z,staff_j,B,Queue_2,true
Availability_517,2021-01-01T05:00:00Z,staff_c,A,Queue_2,false
Availability_518,2021-01-01T05:00:00Z,staff_d,A,Queue_2,false
Availability_519,2021-01-01T05:00:00Z,staff_i,B,Queue_2,false
Availability_520,2021-01-01T05:00:00Z,staff_j,B,Queue_2,false
Availability_521,2021-01-04T19:00:00Z,staff_c,A,Queue_2,true
Availability_522,2021-01-04T19:00:00Z,staff_d,A,Queue_2,true
Availability_523,2021-01-04T19:00:00Z,staff_i,B,Queue_2,true
Availability_524,2021-01-04T19:00:00Z,staff_j,B,Queue_2,true
Availability_525,2021-01-04T18:00:00Z,staff_c,A,Queue_2,true
Availability_526,2021-01-04T18:00:00Z,staff_d,A,Queue_2,true
Availability_527,2021-01-04T18:00:00Z,staff_i,B,Queue_2,true
Availability_528,2021-01-04T18:00:00Z,staff_j,B,Queue_2,true
Availability_529,2021-01-03T18:00:00Z,staff_c,A,Queue_2,true
Availability_530,2021-01-03T18:00:00Z,staff_d,A,Queue_2,true
Availability_531,2021-01-03T18:00:00Z,staff_i,B,Queue_2,true
Availability_532,2021-01-03T18:00:00Z,staff_j,B,Queue_2,true
Availability_533,2021-01-04T13:00:00Z,staff_c,A,Queue_2,true
Availability_534,2021-01-04T13:00:00Z,staff_d,A,Queue_2,true
Availability_535,2021-01-04T13:00:00Z,staff_j,B,Queue_2,true
Availability_536,2021-01-04T13:00:00Z,staff_k,B,Queue_2,true
Availability_537,2021-01-04T13:00:00Z,staff_l,B,Queue_2,true
Availability_538,2021-01-01T01:00:00Z,staff_c,A,Queue_2,false
Availability_539,2021-01-01T01:00:00Z,staff_d,A,Queue_2,false
Availability_540,2021-01-01T01:00:00Z,staff_i,B,Queue_2,false
Availability_541,2021-01-01T01:00:00Z,staff_j,B,Queue_2,false
Availability_542,2021-01-03T14:00:00Z,staff_c,A,Queue_2,true
Availability_543,2021-01-03T14:00:00Z,staff_d,A,Queue_2,true
Availability_544,2021-01-03T14:00:00Z,staff_i,B,Queue_2,true
Availability_545,2021-01-03T14:00:00Z,staff_j,B,Queue_2,true
Availability_546,2021-01-01T10:00:00Z,staff_c,A,Queue_2,false
Availability_547,2021-01-01T10:00:00Z,staff_d,A,Queue_2,false
Availability_548,2021-01-01T10:00:00Z,staff_i,B,Queue_2,false
Availability_549,2021-01-01T10:00:00Z,staff_j,B,Queue_2,false
Availability_550,2021-01-01T00:00:00Z,staff_c,A,Queue_2,false
Availability_551,2021-01-01T00:00:00Z,staff_d,A,Queue_2,false
Availability_552,2021-01-01T00:00:00Z,staff_i,B,Queue_2,false
Availability_553,2021-01-01T00:00:00Z,staff_j,B,Queue_2,false
Availability_554,2021-01-03T07:00:00Z,staff_c,A,Queue_2,true
Availability_555,2021-01-03T07:00:00Z,staff_d,A,Queue_2,true
Availability_556,2021-01-03T07:00:00Z,staff_i,B,Queue_2,true
Availability_557,2021-01-03T07:00:00Z,staff_j,B,Queue_2,true
Availability_558,2021-01-05T00:00:00Z,staff_c,A,Queue_2,true
Availability_559,2021-01-05T00:00:00Z,staff_d,A,Queue_2,true
Availability_560,2021-01-05T00:00:00Z,staff_i,B,Queue_2,true
Availability_561,2021-01-05T00:00:00Z,staff_j,B,Queue_2,true
Availability_562,2021-01-02T23:00:00Z,staff_c,A,Queue_2,true
Availability_563,2021-01-02T23:00:00Z,staff_d,A,Queue_2,true
Availability_564,2021-01-02T23:00:00Z,staff_i,B,Queue_2,true
Availability_565,2021-01-02T23:00:00Z,staff_j,B,Queue_2,true
Availability_566,2021-01-01T12:00:00Z,staff_c,A,Queue_2,false
Availability_567,2021-01-01T12:00:00Z,staff_d,A,Queue_2,false
Availability_568,2021-01-01T12:00:00Z,staff_j,B,Queue_2,false
Availability_569,2021-01-01T12:00:00Z,staff_k,B,Queue_2,false
Availability_570,2021-01-01T12:00:00Z,staff_l,B,Queue_2,false
Availability_571,2021-01-03T15:00:00Z,staff_c,A,Queue_2,true
Availability_572,2021-01-03T15:00:00Z,staff_d,A,Queue_2,true
Availability_573,2021-01-03T15:00:00Z,staff_i,B,Queue_2,true
Availability_574,2021-01-03T15:00:00Z,staff_j,B,Queue_2,true
Availability_575,2021-01-03T23:00:00Z,staff_c,A,Queue_2,true
Availability_576,2021-01-03T23:00:00Z,staff_d,A,Queue_2,true
Availability_577,2021-01-03T23:00:00Z,staff_i,B,Queue_2,true
Availability_578,2021-01-03T23:00:00Z,staff_j,B,Queue_2,true
Availability_579,2021-01-01T06:00:00Z,staff_c,A,Queue_2,false
Availability_580,2021-01-01T06:00:00Z,staff_d,A,Queue_2,false
Availability_581,2021-01-01T06:00:00Z,staff_i,B,Queue_2,false
Availability_582,2021-01-01T06:00:00Z,staff_j,B,Queue_2,false
Availability_583,2021-01-02T14:00:00Z,staff_c,A,Queue_2,true
Availability_584,2021-01-02T14:00:00Z,staff_d,A,Queue_2,true
Availability_585,2021-01-02T14:00:00Z,staff_i,B,Queue_2,true
Availability_586,2021-01-02T14:00:00Z,staff_j,B,Queue_2,true
Availability_587,2021-01-02T03:00:00Z,staff_c,A,Queue_2,true
Availability_588,2021-01-02T03:00:00Z,staff_d,A,Queue_2,true
Availability_589,2021-01-02T03:00:00Z,staff_i,B,Queue_2,true
Availability_590,2021-01-02T03:00:00Z,staff_j,B,Queue_2,true
Availability_591,2021-01-02T21:00:00Z,staff_c,A,Queue_2,true
Availability_592,2021-01-02T21:00:00Z,staff_d,A,Queue_2,true
Availability_593,2021-01-02T21:00:00Z,staff_i,B,Queue_2,true
Availability_594,2021-01-02T21:00:00Z,staff_j,B,Queue_2,true
Availability_595,2021-01-02T11:00:00Z,staff_c,A,Queue_2,true
Availability_596,2021-01-02T11:00:00Z,staff_d,A,Queue_2,true
Availability_597,2021-01-02T11:00:00Z,staff_j,B,Queue_2,true
Availability_598,2021-01-02T11:00:00Z,staff_k,B,Queue_2,true
Availability_599,2021-01-02T11:00:00Z,staff_l,B,Queue_2,true
Availability_600,2021-01-03T19:00:00Z,staff_c,A,Queue_2,true
Availability_601,2021-01-03T19:00:00Z,staff_d,A,Queue_2,true
Availability_602,2021-01-03T19:00:00Z,staff_i,B,Queue_2,true
Availability_603,2021-01-03T19:00:00Z,staff_j,B,Queue_2,true
Availability_604,2021-01-03T11:00:00Z,staff_c,A,Queue_2,true
Availability_605,2021-01-03T11:00:00Z,staff_d,A,Queue_2,true
Availability_606,2021-01-03T11:00:00Z,staff_j,B,Queue_2,true
Availability_607,2021-01-03T11:00:00Z,staff_k,B,Queue_2,true
Availability_608,2021-01-03T11:00:00Z,staff_l,B,Queue_2,true
Availability_609,2021-01-03T17:00:00Z,staff_c,A,Queue_2,true
Availability_610,2021-01-03T17:00:00Z,staff_d,A,Queue_2,true
Availability_611,2021-01-03T17:00:00Z,staff_i,B,Queue_2,true
Availability_612,2021-01-03T17:00:00Z,staff_j,B,Queue_2,true
Availability_613,2021-01-01T18:00:00Z,staff_c,A,Queue_2,false
Availability_614,2021-01-01T18:00:00Z,staff_d,A,Queue_2,false
Availability_615,2021-01-01T18:00:00Z,staff_i,B,Queue_2,false
Availability_616,2021-01-01T18:00:00Z,staff_j,B,Queue_2,false
Availability_617,2021-01-04T03:00:00Z,staff_c,A,Queue_2,true
Availability_618,2021-01-04T03:00:00Z,staff_d,A,Queue_2,true
Availability_619,2021-01-04T03:00:00Z,staff_i,B,Queue_2,true
Availability_620,2021-01-04T03:00:00Z,staff_j,B,Queue_2,true
Availability_621,2021-01-03T20:00:00Z,staff_c,A,Queue_2,true
Availability_622,2021-01-03T20:00:00Z,staff_d,A,Queue_2,true
Availability_623,2021-01-03T20:00:00Z,staff_i,B,Queue_2,true
Availability_624,2021-01-03T20:00:00Z,staff_j,B,Queue_2,true
Availability_625,2021-01-01T20:00:00Z,staff_c,A,Queue_2,false
Availability_626,2021-01-01T20:00:00Z,staff_d,A,Queue_2,false
Availability_627,2021-01-01T20:00:00Z,staff_i,B,Queue_2,false
Availability_628,2021-01-01T20:00:00Z,staff_j,B,Queue_2,false
Availability_629,2021-01-03T01:00:00Z,staff_c,A,Queue_2,true
Availability_630,2021-01-03T01:00:00Z,staff_d,A,Queue_2,true
Availability_631,2021-01-03T01:00:00Z,staff_i,B,Queue_2,true
Availability_632,2021-01-03T01:00:00Z,staff_j,B,Queue_2,true
Availability_633,2021-01-03T03:00:00Z,staff_c,A,Queue_2,true
Availability_634,2021-01-03T03:00:00Z,staff_d,A,Queue_2,true
Availability_635,2021-01-03T03:00:00Z,staff_i,B,Queue_2,true
Availability_636,2021-01-03T03:00:00Z,staff_j,B,Queue_2,true
Availability_637,2021-01-03T10:00:00Z,staff_c,A,Queue_2,true
Availability_638,2021-01-03T10:00:00Z,staff_d,A,Queue_2,true
Availability_639,2021-01-03T10:00:00Z,staff_i,B,Queue_2,true
Availability_640,2021-01-03T10:00:00Z,staff_j,B,Queue_2,true
Availability_641,2021-01-01T21:00:00Z,staff_c,A,Queue_2,false
Availability_642,2021-01-01T21:00:00Z,staff_d,A,Queue_2,false
Availability_643,2021-01-01T21:00:00Z,staff_i,B,Queue_2,false
Availability_644,2021-01-01T21:00:00Z,staff_j,B,Queue_2,false
Availability_645,2021-01-01T08:00:00Z,staff_c,A,Queue_2,false
Availability_646,2021-01-01T08:00:00Z,staff_d,A,Queue_2,false
Availability_647,2021-01-01T08:00:00Z,staff_i,B,Queue_2,false
Availability_648,2021-01-01T08:00:00Z,staff_j,B,Queue_2,false
Availability_649,2021-01-02T08:00:00Z,staff_c,A,Queue_2,true
Availability_650,2021-01-02T08:00:00Z,staff_d,A,Queue_2,true
Availability_651,2021-01-02T08:00:00Z,staff_i,B,Queue_2,true
Availability_652,2021-01-02T08:00:00Z,staff_j,B,Queue_2,true
Availability_653,2021-01-04T21:00:00Z,staff_c,A,Queue_2,true
Availability_654,2021-01-04T21:00:00Z,staff_d,A,Queue_2,true
Availability_655,2021-01-04T21:00:00Z,staff_i,B,Queue_2,true
Availability_656,2021-01-04T21:00:00Z,staff_j,B,Queue_2,true
Availability_657,2021-01-01T15:00:00Z,staff_c,A,Queue_2,false
Availability_658,2021-01-01T15:00:00Z,staff_d,A,Queue_2,false
Availability_659,2021-01-01T15:00:00Z,staff_i,B,Queue_2,false
Availability_660,2021-01-01T15:00:00Z,staff_j,B,Queue_2,false
Availability_661,2021-01-04T05:00:00Z,staff_c,A,Queue_2,true
Availability_662,2021-01-04T05:00:00Z,staff_d,A,Queue_2,true
Availability_663,2021-01-04T05:00:00Z,staff_i,B,Queue_2,true
Availability_664,2021-01-04T05:00:00Z,staff_j,B,Queue_2,true
Availability_665,2021-01-02T01:00:00Z,staff_c,A,Queue_2,true
Availability_666,2021-01-02T01:00:00Z,staff_d,A,Queue_2,true
Availability_667,2021-01-02T01:00:00Z,staff_i,B,Queue_2,true
Availability_668,2021-01-02T01:00:00Z,staff_j,B,Queue_2,true
Availability_669,2021-01-04T00:00:00Z,staff_c,A,Queue_2,true
Availability_670,2021-01-04T00:00:00Z,staff_d,A,Queue_2,true
Availability_671,2021-01-04T00:00:00Z,staff_i,B,Queue_2,true
Availability_672,2021-01-04T00:00:00Z,staff_j,B,Queue_2,true
Availability_673,2021-01-04T20:00:00Z,staff_c,A,Queue_2,true
Availability_674,2021-01-04T20:00:00Z,staff_d,A,Queue_2,true
Availability_675,2021-01-04T20:00:00Z,staff_i,B,Queue_2,true
Availability_676,2021-01-04T20:00:00Z,staff_j,B,Queue_2,true
Availability_677,2021-01-01T07:00:00Z,staff_c,A,Queue_2,false
Availability_678,2021-01-01T07:00:00Z,staff_d,A,Queue_2,false
Availability_679,2021-01-01T07:00:00Z,staff_i,B,Queue_2,false
Availability_680,2021-01-01T07:00:00Z,staff_j,B,Queue_2,false
Availability_681,2021-01-04T22:00:00Z,staff_c,A,Queue_2,true
Availability_682,2021-01-04T22:00:00Z,staff_d,A,Queue_2,true
Availability_683,2021-01-04T22:00:00Z,staff_i,B,Queue_2,true
Availability_684,2021-01-04T22:00:00Z,staff_j,B,Queue_2,true
Availability_685,2021-01-02T02:00:00Z,staff_c,A,Queue_2,true
Availability_686,2021-01-02T02:00:00Z,staff_d,A,Queue_2,true
Availability_687,2021-01-02T02:00:00Z,staff_i,B,Queue_2,true
Availability_688,2021-01-02T02:00:00Z,staff_j,B,Queue_2,true
Availability_689,2021-01-04T01:00:00Z,staff_c,A,Queue_2,true
Availability_690,2021-01-04T01:00:00Z,staff_d,A,Queue_2,true
Availability_691,2021-01-04T01:00:00Z,staff_i,B,Queue_2,true
Availability_692,2021-01-04T01:00:00Z,staff_j,B,Queue_2,true
Availability_693,2021-01-01T23:00:00Z,staff_c,A,Queue_2,false
Availability_694,2021-01-01T23:00:00Z,staff_d,A,Queue_2,false
Availability_695,2021-01-01T23:00:00Z,staff_i,B,Queue_2,false
Availability_696,2021-01-01T23:00:00Z,staff_j,B,Queue_2,false
Availability_697,2021-01-04T02:00:00Z,staff_c,A,Queue_2,true
Availability_698,2021-01-04T02:00:00Z,staff_d,A,Queue_2,true
Availability_699,2021-01-04T02:00:00Z,staff_i,B,Queue_2,true
Availability_700,2021-01-04T02:00:00Z,staff_j,B,Queue_2,true
Availability_701,2021-01-02T13:00:00Z,staff_c,A,Queue_2,true
Availability_702,2021-01-02T13:00:00Z,staff_d,A,Queue_2,true
Availability_703,2021-01-02T13:00:00Z,staff_j,B,Queue_2,true
Availability_704,2021-01-02T13:00:00Z,staff_k,B,Queue_2,true
Availability_705,2021-01-02T13:00:00Z,staff_l,B,Queue_2,true
Availability_706,2021-01-03T06:00:00Z,staff_c,A,Queue_2,true
Availability_707,2021-01-03T06:00:00Z,staff_d,A,Queue_2,true
Availability_708,2021-01-03T06:00:00Z,staff_i,B,Queue_2,true
Availability_709,2021-01-03T06:00:00Z,staff_j,B,Queue_2,true
Availability_710,2021-01-01T13:00:00Z,staff_c,A,Queue_2,false
Availability_711,2021-01-01T13:00:00Z,staff_d,A,Queue_2,false
Availability_712,2021-01-01T13:00:00Z,staff_j,B,Queue_2,false
Availability_713,2021-01-01T13:00:00Z,staff_k,B,Queue_2,false
Availability_714,2021-01-01T13:00:00Z,staff_l,B,Queue_2,false
Availability_715,2021-01-01T16:00:00Z,staff_c,A,Queue_2,false
Availability_716,2021-01-01T16:00:00Z,staff_d,A,Queue_2,false
Availability_717,2021-01-01T16:00:00Z,staff_i,B,Queue_2,false
Availability_718,2021-01-01T16:00:00Z,staff_j,B,Queue_2,false
Availability_719,2021-01-01T09:00:00Z,staff_c,A,Queue_2,false
Availability_720,2021-01-01T09:00:00Z,staff_d,A,Queue_2,false
Availability_721,2021-01-01T09:00:00Z,staff_i,B,Queue_2,false
Availability_722,2021-01-01T09:00:00Z,staff_j,B,Queue_2,false
Availability_723,2021-01-03T16:00:00Z,staff_c,A,Queue_2,true
Availability_724,2021-01-03T16:00:00Z,staff_d,A,Queue_2,true
Availability_725,2021-01-03T16:00:00Z,staff_i,B,Queue_2,true
Availability_726,2021-01-03T16:00:00Z,staff_j,B,Queue_2,true
Availability_727,2021-01-02T20:00:00Z,staff_c,A,Queue_2,true
Availability_728,2021-01-02T20:00:00Z,staff_d,A,Queue_2,true
Availability_729,2021-01-02T20:00:00Z,staff_i,B,Queue_2,true
Availability_730,2021-01-02T20:00:00Z,staff_j,B,Queue_2,true
Availability_731,2021-01-01T17:00:00Z,staff_c,A,Queue_2,false
Availability_732,2021-01-01T17:00:00Z,staff_d,A,Queue_2,false
Availability_733,2021-01-01T17:00:00Z,staff_i,B,Queue_2,false
Availability_734,2021-01-01T17:00:00Z,staff_j,B,Queue_2,false
Availability_735,2021-01-01T19:00:00Z,staff_c,A,Queue_2,false
Availability_736,2021-01-01T19:00:00Z,staff_d,A,Queue_2,false
Availability_737,2021-01-01T19:00:00Z,staff_i,B,Queue_2,false
Availability_738,2021-01-01T19:00:00Z,staff_j,B,Queue_2,false
Availability_739,2021-01-02T09:00:00Z,staff_c,A,Queue_2,true
Availability_740,2021-01-02T09:00:00Z,staff_d,A,Queue_2,true
Availability_741,2021-01-02T09:00:00Z,staff_i,B,Queue_2,true
Availability_742,2021-01-02T09:00:00Z,staff_j,B,Queue_2,true
Availability_743,2021-01-03T04:00:00Z,staff_c,A,Queue_2,true
Availability_744,2021-01-03T04:00:00Z,staff_d,A,Queue_2,true
Availability_745,2021-01-03T04:00:00Z,staff_i,B,Queue_2,true
Availability_746,2021-01-03T04:00:00Z,staff_j,B,Queue_2,true
Availability_747,2021-01-02T16:00:00Z,staff_c,A,Queue_2,true
Availability_748,2021-01-02T16:00:00Z,staff_d,A,Queue_2,true
Availability_749,2021-01-02T16:00:00Z,staff_i,B,Queue_2,true
Availability_750,2021-01-02T16:00:00Z,staff_j,B,Queue_2,true
Availability_751,2021-01-04T11:00:00Z,staff_c,A,Queue_2,true
Availability_752,2021-01-04T11:00:00Z,staff_d,A,Queue_2,true
Availability_753,2021-01-04T11:00:00Z,staff_j,B,Queue_2,true
Availability_754,2021-01-04T11:00:00Z,staff_k,B,Queue_2,true
Availability_755,2021-01-04T11:00:00Z,staff_l,B,Queue_2,true
Availability_756,2021-01-02T19:00:00Z,staff_c,A,Queue_2,true
Availability_757,2021-01-02T19:00:00Z,staff_d,A,Queue_2,true
Availability_758,2021-01-02T19:00:00Z,staff_i,B,Queue_2,true
Availability_759,2021-01-02T19:00:00Z,staff_j,B,Queue_2,true
Availability_760,2021-01-03T12:00:00Z,staff_c,A,Queue_2,true
Availability_761,2021-01-03T12:00:00Z,staff_d,A,Queue_2,true
Availability_762,2021-01-03T12:00:00Z,staff_j,B,Queue_2,true
Availability_763,2021-01-03T12:00:00Z,staff_k,B,Queue_2,true
Availability_764,2021-01-03T12:00:00Z,staff_l,B,Queue_2,true
Availability_765,2021-01-04T09:00:00Z,staff_c,A,Queue_2,true
Availability_766,2021-01-04T09:00:00Z,staff_d,A,Queue_2,true
Availability_767,2021-01-04T09:00:00Z,staff_i,B,Queue_2,true
Availability_768,2021-01-04T09:00:00Z,staff_j,B,Queue_2,true
Availability_769,2021-01-02T10:00:00Z,staff_c,A,Queue_2,true
Availability_770,2021-01-02T10:00:00Z,staff_d,A,Queue_2,true
Availability_771,2021-01-02T10:00:00Z,staff_i,B,Queue_2,true
Availability_772,2021-01-02T10:00:00Z,staff_j,B,Queue_2,true
Availability_773,2021-01-04T08:00:00Z,staff_c,A,Queue_2,true
Availability_774,2021-01-04T08:00:00Z,staff_d,A,Queue_2,true
Availability_775,2021-01-04T08:00:00Z,staff_i,B,Queue_2,true
Availability_776,2021-01-04T08:00:00Z,staff_j,B,Queue_2,true
Availability_777,2021-01-03T00:00:00Z,staff_c,A,Queue_2,true
Availability_778,2021-01-03T00:00:00Z,staff_d,A,Queue_2,true
Availability_779,2021-01-03T00:00:00Z,staff_i,B,Queue_2,true
Availability_780,2021-01-03T00:00:00Z,staff_j,B,Queue_2,true
Availability_781,2021-01-01T22:00:00Z,staff_c,A,Queue_2,false
Availability_782,2021-01-01T22:00:00Z,staff_d,A,Queue_2,false
Availability_783,2021-01-01T22:00:00Z,staff_i,B,Queue_2,false
Availability_784,2021-01-01T22:00:00Z,staff_j,B,Queue_2,false
Availability_785,2021-01-01T14:00:00Z,staff_c,A,Queue_2,false
Availability_786,2021-01-01T14:00:00Z,staff_d,A,Queue_2,false
Availability_787,2021-01-01T14:00:00Z,staff_i,B,Queue_2,false
Availability_788,2021-01-01T14:00:00Z,staff_j,B,Queue_2,false
Availability_789,2021-01-02T15:00:00Z,staff_c,A,Queue_2,true
Availability_790,2021-01-02T15:00:00Z,staff_d,A,Queue_2,true
Availability_791,2021-01-02T15:00:00Z,staff_i,B,Queue_2,true
Availability_792,2021-01-02T15:00:00Z,staff_j,B,Queue_2,true
Availability_793,2021-01-02T17:00:00Z,staff_c,A,Queue_2,true
Availability_794,2021-01-02T17:00:00Z,staff_d,A,Queue_2,true
Availability_795,2021-01-02T17:00:00Z,staff_i,B,Queue_2,true
Availability_796,2021-01-02T17:00:00Z,staff_j,B,Queue_2,true
Availability_797,2021-01-02T07:00:00Z,staff_c,A,Queue_2,true
Availability_798,2021-01-02T07:00:00Z,staff_d,A,Queue_2,true
Availability_799,2021-01-02T07:00:00Z,staff_i,B,Queue_2,true
Availability_800,2021-01-02T07:00:00Z,staff_j,B,Queue_2,true
Availability_801,2021-01-03T08:00:00Z,staff_e,A,Queue_3,true
Availability_802,2021-01-03T08:00:00Z,staff_f,A,Queue_3,true
Availability_803,2021-01-03T08:00:00Z,staff_k,B,Queue_3,true
Availability_804,2021-01-03T08:00:00Z,staff_l,B,Queue_3,true
Availability_805,2021-01-04T17:00:00Z,staff_e,A,Queue_3,true
Availability_806,2021-01-04T17:00:00Z,staff_f,A,Queue_3,true
Availability_807,2021-01-04T17:00:00Z,staff_k,B,Queue_3,true
Availability_808,2021-01-04T17:00:00Z,staff_l,B,Queue_3,true
Availability_809,2021-01-01T03:00:00Z,staff_e,A,Queue_3,false
Availability_810,2021-01-01T03:00:00Z,staff_f,A,Queue_3,false
Availability_811,2021-01-01T03:00:00Z,staff_k,B,Queue_3,false
Availability_812,2021-01-01T03:00:00Z,staff_l,B,Queue_3,false
Availability_813,2021-01-04T14:00:00Z,staff_e,A,Queue_3,true
Availability_814,2021-01-04T14:00:00Z,staff_f,A,Queue_3,true
Availability_815,2021-01-04T14:00:00Z,staff_k,B,Queue_3,true
Availability_816,2021-01-04T14:00:00Z,staff_l,B,Queue_3,true
Availability_817,2021-01-01T11:00:00Z,staff_e,A,Queue_3,false
Availability_818,2021-01-01T11:00:00Z,staff_f,A,Queue_3,false
Availability_819,2021-01-01T04:00:00Z,staff_e,A,Queue_3,false
Availability_820,2021-01-01T04:00:00Z,staff_f,A,Queue_3,false
Availability_821,2021-01-01T04:00:00Z,staff_k,B,Queue_3,false
Availability_822,2021-01-01T04:00:00Z,staff_l,B,Queue_3,false
Availability_823,2021-01-04T10:00:00Z,staff_e,A,Queue_3,true
Availability_824,2021-01-04T10:00:00Z,staff_f,A,Queue_3,true
Availability_825,2021-01-04T10:00:00Z,staff_k,B,Queue_3,true
Availability_826,2021-01-04T10:00:00Z,staff_l,B,Queue_3,true
Availability_827,2021-01-04T16:00:00Z,staff_e,A,Queue_3,true
Availability_828,2021-01-04T16:00:00Z,staff_f,A,Queue_3,true
Availability_829,2021-01-04T16:00:00Z,staff_k,B,Queue_3,true
Availability_830,2021-01-04T16:00:00Z,staff_l,B,Queue_3,true
Availability_831,2021-01-04T04:00:00Z,staff_e,A,Queue_3,true
Availability_832,2021-01-04T04:00:00Z,staff_f,A,Queue_3,true
Availability_833,2021-01-04T04:00:00Z,staff_k,B,Queue_3,true
Availability_834,2021-01-04T04:00:00Z,staff_l,B,Queue_3,true
Availability_835,2021-01-03T09:00:00Z,staff_e,A,Queue_3,true
Availability_836,2021-01-03T09:00:00Z,staff_f,A,Queue_3,true
Availability_837,2021-01-03T09:00:00Z,staff_k,B,Queue_3,true
Availability_838,2021-01-03T09:00:00Z,staff_l,B,Queue_3,true
Availability_839,2021-01-02T04:00:00Z,staff_e,A,Queue_3,true
Availability_840,2021-01-02T04:00:00Z,staff_f,A,Queue_3,true
Availability_841,2021-01-02T04:00:00Z,staff_k,B,Queue_3,true
Availability_842,2021-01-02T04:00:00Z,staff_l,B,Queue_3,true
Availability_843,2021-01-01T02:00:00Z,staff_e,A,Queue_3,false
Availability_844,2021-01-01T02:00:00Z,staff_f,A,Queue_3,false
Availability_845,2021-01-01T02:00:00Z,staff_k,B,Queue_3,false
Availability_846,2021-01-01T02:00:00Z,staff_l,B,Queue_3,false
Availability_847,2021-01-04T15:00:00Z,staff_e,A,Queue_3,true
Availability_848,2021-01-04T15:00:00Z,staff_f,A,Queue_3,true
Availability_849,2021-01-04T15:00:00Z,staff_k,B,Queue_3,true
Availability_850,2021-01-04T15:00:00Z,staff_l,B,Queue_3,true
Availability_851,2021-01-03T21:00:00Z,staff_e,A,Queue_3,true
Availability_852,2021-01-03T21:00:00Z,staff_f,A,Queue_3,true
Availability_853,2021-01-03T21:00:00Z,staff_k,B,Queue_3,true
Availability_854,2021-01-03T21:00:00Z,staff_l,B,Queue_3,true
Availability_855,2021-01-02T12:00:00Z,staff_e,A,Queue_3,true
Availability_856,2021-01-02T12:00:00Z,staff_f,A,Queue_3,true
Availability_857,2021-01-03T22:00:00Z,staff_e,A,Queue_3,true
Availability_858,2021-01-03T22:00:00Z,staff_f,A,Queue_3,true
Availability_859,2021-01-03T22:00:00Z,staff_k,B,Queue_3,true
Availability_860,2021-01-03T22:00:00Z,staff_l,B,Queue_3,true
Availability_861,2021-01-04T23:00:00Z,staff_e,A,Queue_3,true
Availability_862,2021-01-04T23:00:00Z,staff_f,A,Queue_3,true
Availability_863,2021-01-04T23:00:00Z,staff_k,B,Queue_3,true
Availability_864,2021-01-04T23:00:00Z,staff_l,B,Queue_3,true
Availability_865,2021-01-03T02:00:00Z,staff_e,A,Queue_3,true
Availability_866,2021-01-03T02:00:00Z,staff_f,A,Queue_3,true
Availability_867,2021-01-03T02:00:00Z,staff_k,B,Queue_3,true
Availability_868,2021-01-03T02:00:00Z,staff_l,B,Queue_3,true
Availability_869,2021-01-02T00:00:00Z,staff_e,A,Queue_3,false
Availability_870,2021-01-02T00:00:00Z,staff_f,A,Queue_3,false
Availability_871,2021-01-02T00:00:00Z,staff_k,B,Queue_3,false
Availability_872,2021-01-02T00:00:00Z,staff_l,B,Queue_3,false
Availability_873,2021-01-02T18:00:00Z,staff_e,A,Queue_3,true
Availability_874,2021-01-02T18:00:00Z,staff_f,A,Queue_3,true
Availability_875,2021-01-02T18:00:00Z,staff_k,B,Queue_3,true
Availability_876,2021-01-02T18:00:00Z,staff_l,B,Queue_3,true
Availability_877,2021-01-03T05:00:00Z,staff_e,A,Queue_3,true
Availability_878,2021-01-03T05:00:00Z,staff_f,A,Queue_3,true
Availability_879,2021-01-03T05:00:00Z,staff_k,B,Queue_3,true
Availability_880,2021-01-03T05:00:00Z,staff_l,B,Queue_3,true
Availability_881,2021-01-04T07:00:00Z,staff_e,A,Queue_3,true
Availability_882,2021-01-04T07:00:00Z,staff_f,A,Queue_3,true
Availability_883,2021-01-04T07:00:00Z,staff_k,B,Queue_3,true
Availability_884,2021-01-04T07:00:00Z,staff_l,B,Queue_3,true
Availability_885,2021-01-04T06:00:00Z,staff_e,A,Queue_3,true
Availability_886,2021-01-04T06:00:00Z,staff_f,A,Queue_3,true
Availability_887,2021-01-04T06:00:00Z,staff_k,B,Queue_3,true
Availability_888,2021-01-04T06:00:00Z,staff_l,B,Queue_3,true
Availability_889,2021-01-04T12:00:00Z,staff_e,A,Queue_3,true
Availability_890,2021-01-04T12:00:00Z,staff_f,A,Queue_3,true
Availability_891,2021-01-02T22:00:00Z,staff_e,A,Queue_3,true
Availability_892,2021-01-02T22:00:00Z,staff_f,A,Queue_3,true
Availability_893,2021-01-02T22:00:00Z,staff_k,B,Queue_3,true
Availability_894,2021-01-02T22:00:00Z,staff_l,B,Queue_3,true
Availability_895,2021-01-02T06:00:00Z,staff_e,A,Queue_3,true
Availability_896,2021-01-02T06:00:00Z,staff_f,A,Queue_3,true
Availability_897,2021-01-02T06:00:00Z,staff_k,B,Queue_3,true
Availability_898,2021-01-02T06:00:00Z,staff_l,B,Queue_3,true
Availability_899,2021-01-03T13:00:00Z,staff_e,A,Queue_3,true
Availability_900,2021-01-03T13:00:00Z,staff_f,A,Queue_3,true
Availability_901,2021-01-02T05:00:00Z,staff_e,A,Queue_3,true
Availability_902,2021-01-02T05:00:00Z,staff_f,A,Queue_3,true
Availability_903,2021-01-02T05:00:00Z,staff_k,B,Queue_3,true
Availability_904,2021-01-02T05:00:00Z,staff_l,B,Queue_3,true
Availability_905,2021-01-01T05:00:00Z,staff_e,A,Queue_3,false
Availability_906,2021-01-01T05:00:00Z,staff_f,A,Queue_3,false
Availability_907,2021-01-01T05:00:00Z,staff_k,B,Queue_3,false
Availability_908,2021-01-01T05:00:00Z,staff_l,B,Queue_3,false
Availability_909,2021-01-04T19:00:00Z,staff_e,A,Queue_3,true
Availability_910,2021-01-04T19:00:00Z,staff_f,A,Queue_3,true
Availability_911,2021-01-04T19:00:00Z,staff_k,B,Queue_3,true
Availability_912,2021-01-04T19:00:00Z,staff_l,B,Queue_3,true
Availability_913,2021-01-04T18:00:00Z,staff_e,A,Queue_3,true
Availability_914,2021-01-04T18:00:00Z,staff_f,A,Queue_3,true
Availability_915,2021-01-04T18:00:00Z,staff_k,B,Queue_3,true
Availability_916,2021-01-04T18:00:00Z,staff_l,B,Queue_3,true
Availability_917,2021-01-03T18:00:00Z,staff_e,A,Queue_3,true
Availability_918,2021-01-03T18:00:00Z,staff_f,A,Queue_3,true
Availability_919,2021-01-03T18:00:00Z,staff_k,B,Queue_3,true
Availability_920,2021-01-03T18:00:00Z,staff_l,B,Queue_3,true
Availability_921,2021-01-04T13:00:00Z,staff_e,A,Queue_3,true
Availability_922,2021-01-04T13:00:00Z,staff_f,A,Queue_3,true
Availability_923,2021-01-01T01:00:00Z,staff_e,A,Queue_3,false
Availability_924,2021-01-01T01:00:00Z,staff_f,A,Queue_3,false
Availability_925,2021-01-01T01:00:00Z,staff_k,B,Queue_3,false
Availability_926,2021-01-01T01:00:00Z,staff_l,B,Queue_3,false
Availability_927,2021-01-03T14:00:00Z,staff_e,A,Queue_3,true
Availability_928,2021-01-03T14:00:00Z,staff_f,A,Queue_3,true
Availability_929,2021-01-03T14:00:00Z,staff_k,B,Queue_3,true
Availability_930,2021-01-03T14:00:00Z,staff_l,B,Queue_3,true
Availability_931,2021-01-01T10:00:00Z,staff_e,A,Queue_3,false
Availability_932,2021-01-01T10:00:00Z,staff_f,A,Queue_3,false
Availability_933,2021-01-01T10:00:00Z,staff_k,B,Queue_3,false
Availability_934,2021-01-01T10:00:00Z,staff_l,B,Queue_3,false
Availability_935,2021-01-01T00:00:00Z,staff_e,A,Queue_3,false
Availability_936,2021-01-01T00:00:00Z,staff_f,A,Queue_3,false
Availability_937,2021-01-01T00:00:00Z,staff_k,B,Queue_3,false
Availability_938,2021-01-01T00:00:00Z,staff_l,B,Queue_3,false
Availability_939,2021-01-03T07:00:00Z,staff_e,A,Queue_3,true
Availability_940,2021-01-03T07:00:00Z,staff_f,A,Queue_3,true
Availability_941,2021-01-03T07:00:00Z,staff_k,B,Queue_3,true
Availability_942,2021-01-03T07:00:00Z,staff_l,B,Queue_3,true
Availability_943,2021-01-05T00:00:00Z,staff_e,A,Queue_3,true
Availability_944,2021-01-05T00:00:00Z,staff_f,A,Queue_3,true
Availability_945,2021-01-05T00:00:00Z,staff_k,B,Queue_3,true
Availability_946,2021-01-05T00:00:00Z,staff_l,B,Queue_3,true
Availability_947,2021-01-02T23:00:00Z,staff_e,A,Queue_3,true
Availability_948,2021-01-02T23:00:00Z,staff_f,A,Queue_3,true
Availability_949,2021-01-02T23:00:00Z,staff_k,B,Queue_3,true
Availability_950,2021-01-02T23:00:00Z,staff_l,B,Queue_3,true
Availability_951,2021-01-01T12:00:00Z,staff_e,A,Queue_3,false
Availability_952,2021-01-01T12:00:00Z,staff_f,A,Queue_3,false
Availability_953,2021-01-03T15:00:00Z,staff_e,A,Queue_3,true
Availability_954,2021-01-03T15:00:00Z,staff_f,A,Queue_3,true
Availability_955,2021-01-03T15:00:00Z,staff_k,B,Queue_3,true
Availability_956,2021-01-03T15:00:00Z,staff_l,B,Queue_3,true
Availability_957,2021-01-03T23:00:00Z,staff_e,A,Queue_3,true
Availability_958,2021-01-03T23:00:00Z,staff_f,A,Queue_3,true
Availability_959,2021-01-03T23:00:00Z,staff_k,B,Queue_3,true
Availability_960,2021-01-03T23:00:00Z,staff_l,B,Queue_3,true
Availability_961,2021-01-01T06:00:00Z,staff_e,A,Queue_3,false
Availability_962,2021-01-01T06:00:00Z,staff_f,A,Queue_3,false
Availability_963,2021-01-01T06:00:00Z,staff_k,B,Queue_3,false
Availability_964,2021-01-01T06:00:00Z,staff_l,B,Queue_3,false
Availability_965,2021-01-02T14:00:00Z,staff_e,A,Queue_3,true
Availability_966,2021-01-02T14:00:00Z,staff_f,A,Queue_3,true
Availability_967,2021-01-02T14:00:00Z,staff_k,B,Queue_3,true
Availability_968,2021-01-02T14:00:00Z,staff_l,B,Queue_3,true
Availability_969,2021-01-02T03:00:00Z,staff_e,A,Queue_3,true
Availability_970,2021-01-02T03:00:00Z,staff_f,A,Queue_3,true
Availability_971,2021-01-02T03:00:00Z,staff_k,B,Queue_3,true
Availability_972,2021-01-02T03:00:00Z,staff_l,B,Queue_3,true
Availability_973,2021-01-02T21:00:00Z,staff_e,A,Queue_3,true
Availability_974,2021-01-02T21:00:00Z,staff_f,A,Queue_3,true
Availability_975,2021-01-02T21:00:00Z,staff_k,B,Queue_3,true
Availability_976,2021-01-02T21:00:00Z,staff_l,B,Queue_3,true
Availability_977,2021-01-02T11:00:00Z,staff_e,A,Queue_3,true
Availability_978,2021-01-02T11:00:00Z,staff_f,A,Queue_3,true
Availability_979,2021-01-03T19:00:00Z,staff_e,A,Queue_3,true
Availability_980,2021-01-03T19:00:00Z,staff_f,A,Queue_3,true
Availability_981,2021-01-03T19:00:00Z,staff_k,B,Queue_3,true
Availability_982,2021-01-03T19:00:00Z,staff_l,B,Queue_3,true
Availability_983,2021-01-03T11:00:00Z,staff_e,A,Queue_3,true
Availability_984,2021-01-03T11:00:00Z,staff_f,A,Queue_3,true
Availability_985,2021-01-03T17:00:00Z,staff_e,A,Queue_3,true
Availability_986,2021-01-03T17:00:00Z,staff_f,A,Queue_3,true
Availability_987,2021-01-03T17:00:00Z,staff_k,B,Queue_3,true
Availability_988,2021-01-03T17:00:00Z,staff_l,B,Queue_3,true
Availability_989,2021-01-01T18:00:00Z,staff_e,A,Queue_3,false
Availability_990,2021-01-01T18:00:00Z,staff_f,A,Queue_3,false
Availability_991,2021-01-01T18:00:00Z,staff_k,B,Queue_3,false
Availability_992,2021-01-01T18:00:00Z,staff_l,B,Queue_3,false
Availability_993,2021-01-04T03:00:00Z,staff_e,A,Queue_3,true
Availability_994,2021-01-04T03:00:00Z,staff_f,A,Queue_3,true
Availability_995,2021-01-04T03:00:00Z,staff_k,B,Queue_3,true
Availability_996,2021-01-04T03:00:00Z,staff_l,B,Queue_3,true
Availability_997,2021-01-03T20:00:00Z,staff_e,A,Queue_3,true
Availability_998,2021-01-03T20:00:00Z,staff_f,A,Queue_3,true
Availability_999,2021-01-03T20:00:00Z,staff_k,B,Queue_3,true
Availability_1000,2021-01-03T20:00:00Z,staff_l,B,Queue_3,true
Availability_1001,2021-01-01T20:00:00Z,staff_e,A,Queue_3,false
Availability_1002,2021-01-01T20:00:00Z,staff_f,A,Queue_3,false
Availability_1003,2021-01-01T20:00:00Z,staff_k,B,Queue_3,false
Availability_1004,2021-01-01T20:00:00Z,staff_l,B,Queue_3,false
Availability_1005,2021-01-03T01:00:00Z,staff_e,A,Queue_3,true
Availability_1006,2021-01-03T01:00:00Z,staff_f,A,Queue_3,true
Availability_1007,2021-01-03T01:00:00Z,staff_k,B,Queue_3,true
Availability_1008,2021-01-03T01:00:00Z,staff_l,B,Queue_3,true
Availability_1009,2021-01-03T03:00:00Z,staff_e,A,Queue_3,true
Availability_1010,2021-01-03T03:00:00Z,staff_f,A,Queue_3,true
Availability_1011,2021-01-03T03:00:00Z,staff_k,B,Queue_3,true
Availability_1012,2021-01-03T03:00:00Z,staff_l,B,Queue_3,true
Availability_1013,2021-01-03T10:00:00Z,staff_e,A,Queue_3,true
Availability_1014,2021-01-03T10:00:00Z,staff_f,A,Queue_3,true
Availability_1015,2021-01-03T10:00:00Z,staff_k,B,Queue_3,true
Availability_1016,2021-01-03T10:00:00Z,staff_l,B,Queue_3,true
Availability_1017,2021-01-01T21:00:00Z,staff_e,A,Queue_3,false
Availability_1018,2021-01-01T21:00:00Z,staff_f,A,Queue_3,false
Availability_1019,2021-01-01T21:00:00Z,staff_k,B,Queue_3,false
Availability_1020,2021-01-01T21:00:00Z,staff_l,B,Queue_3,false
Availability_1021,2021-01-01T08:00:00Z,staff_e,A,Queue_3,false
Availability_1022,2021-01-01T08:00:00Z,staff_f,A,Queue_3,false
Availability_1023,2021-01-01T08:00:00Z,staff_k,B,Queue_3,false
Availability_1024,2021-01-01T08:00:00Z,staff_l,B,Queue_3,false
Availability_1025,2021-01-02T08:00:00Z,staff_e,A,Queue_3,true
Availability_1026,2021-01-02T08:00:00Z,staff_f,A,Queue_3,true
Availability_1027,2021-01-02T08:00:00Z,staff_k,B,Queue_3,true
Availability_1028,2021-01-02T08:00:00Z,staff_l,B,Queue_3,true
Availability_1029,2021-01-04T21:00:00Z,staff_e,A,Queue_3,true
Availability_1030,2021-01-04T21:00:00Z,staff_f,A,Queue_3,true
Availability_1031,2021-01-04T21:00:00Z,staff_k,B,Queue_3,true
Availability_1032,2021-01-04T21:00:00Z,staff_l,B,Queue_3,true
Availability_1033,2021-01-01T15:00:00Z,staff_e,A,Queue_3,false
Availability_1034,2021-01-01T15:00:00Z,staff_f,A,Queue_3,false
Availability_1035,2021-01-01T15:00:00Z,staff_k,B,Queue_3,false
Availability_1036,2021-01-01T15:00:00Z,staff_l,B,Queue_3,false
Availability_1037,2021-01-04T05:00:00Z,staff_e,A,Queue_3,true
Availability_1038,2021-01-04T05:00:00Z,staff_f,A,Queue_3,true
Availability_1039,2021-01-04T05:00:00Z,staff_k,B,Queue_3,true
Availability_1040,2021-01-04T05:00:00Z,staff_l,B,Queue_3,true
Availability_1041,2021-01-02T01:00:00Z,staff_e,A,Queue_3,true
Availability_1042,2021-01-02T01:00:00Z,staff_f,A,Queue_3,true
Availability_1043,2021-01-02T01:00:00Z,staff_k,B,Queue_3,true
Availability_1044,2021-01-02T01:00:00Z,staff_l,B,Queue_3,true
Availability_1045,2021-01-04T00:00:00Z,staff_e,A,Queue_3,true
Availability_1046,2021-01-04T00:00:00Z,staff_f,A,Queue_3,true
Availability_1047,2021-01-04T00:00:00Z,staff_k,B,Queue_3,true
Availability_1048,2021-01-04T00:00:00Z,staff_l,B,Queue_3,true
Availability_1049,2021-01-04T20:00:00Z,staff_e,A,Queue_3,true
Availability_1050,2021-01-04T20:00:00Z,staff_f,A,Queue_3,true
Availability_1051,2021-01-04T20:00:00Z,staff_k,B,Queue_3,true
Availability_1052,2021-01-04T20:00:00Z,staff_l,B,Queue_3,true
Availability_1053,2021-01-01T07:00:00Z,staff_e,A,Queue_3,false
Availability_1054,2021-01-01T07:00:00Z,staff_f,A,Queue_3,false
Availability_1055,2021-01-01T07:00:00Z,staff_k,B,Queue_3,false
Availability_1056,2021-01-01T07:00:00Z,staff_l,B,Queue_3,false
Availability_1057,2021-01-04T22:00:00Z,staff_e,A,Queue_3,true
Availability_1058,2021-01-04T22:00:00Z,staff_f,A,Queue_3,true
Availability_1059,2021-01-04T22:00:00Z,staff_k,B,Queue_3,true
Availability_1060,2021-01-04T22:00:00Z,staff_l,B,Queue_3,true
Availability_1061,2021-01-02T02:00:00Z,staff_e,A,Queue_3,true
Availability_1062,2021-01-02T02:00:00Z,staff_f,A,Queue_3,true
Availability_1063,2021-01-02T02:00:00Z,staff_k,B,Queue_3,true
Availability_1064,2021-01-02T02:00:00Z,staff_l,B,Queue_3,true
Availability_1065,2021-01-04T01:00:00Z,staff_e,A,Queue_3,true
Availability_1066,2021-01-04T01:00:00Z,staff_f,A,Queue_3,true
Availability_1067,2021-01-04T01:00:00Z,staff_k,B,Queue_3,true
Availability_1068,2021-01-04T01:00:00Z,staff_l,B,Queue_3,true
Availability_1069,2021-01-01T23:00:00Z,staff_e,A,Queue_3,false
Availability_1070,2021-01-01T23:00:00Z,staff_f,A,Queue_3,false
Availability_1071,2021-01-01T23:00:00Z,staff_k,B,Queue_3,false
Availability_1072,2021-01-01T23:00:00Z,staff_l,B,Queue_3,false
Availability_1073,2021-01-04T02:00:00Z,staff_e,A,Queue_3,true
Availability_1074,2021-01-04T02:00:00Z,staff_f,A,Queue_3,true
Availability_1075,2021-01-04T02:00:00Z,staff_k,B,Queue_3,true
Availability_1076,2021-01-04T02:00:00Z,staff_l,B,Queue_3,true
Availability_1077,2021-01-02T13:00:00Z,staff_e,A,Queue_3,true
Availability_1078,2021-01-02T13:00:00Z,staff_f,A,Queue_3,true
Availability_1079,2021-01-03T06:00:00Z,staff_e,A,Queue_3,true
Availability_1080,2021-01-03T06:00:00Z,staff_f,A,Queue_3,true
Availability_1081,2021-01-03T06:00:00Z,staff_k,B,Queue_3,true
Availability_1082,2021-01-03T06:00:00Z,staff_l,B,Queue_3,true
Availability_1083,2021-01-01T13:00:00Z,staff_e,A,Queue_3,false
Availability_1084,2021-01-01T13:00:00Z,staff_f,A,Queue_3,false
Availability_1085,2021-01-01T16:00:00Z,staff_e,A,Queue_3,false
Availability_1086,2021-01-01T16:00:00Z,staff_f,A,Queue_3,false
Availability_1087,2021-01-01T16:00:00Z,staff_k,B,Queue_3,false
Availability_1088,2021-01-01T16:00:00Z,staff_l,B,Queue_3,false
Availability_1089,2021-01-01T09:00:00Z,staff_e,A,Queue_3,false
Availability_1090,2021-01-01T09:00:00Z,staff_f,A,Queue_3,false
Availability_1091,2021-01-01T09:00:00Z,staff_k,B,Queue_3,false
Availability_1092,2021-01-01T09:00:00Z,staff_l,B,Queue_3,false
Availability_1093,2021-01-03T16:00:00Z,staff_e,A,Queue_3,true
Availability_1094,2021-01-03T16:00:00Z,staff_f,A,Queue_3,true
Availability_1095,2021-01-03T16:00:00Z,staff_k,B,Queue_3,true
Availability_1096,2021-01-03T16:00:00Z,staff_l,B,Queue_3,true
Availability_1097,2021-01-02T20:00:00Z,staff_e,A,Queue_3,true
Availability_1098,2021-01-02T20:00:00Z,staff_f,A,Queue_3,true
Availability_1099,2021-01-02T20:00:00Z,staff_k,B,Queue_3,true
Availability_1100,2021-01-02T20:00:00Z,staff_l,B,Queue_3,true
Availability_1101,2021-01-01T17:00:00Z,staff_e,A,Queue_3,false
Availability_1102,2021-01-01T17:00:00Z,staff_f,A,Queue_3,false
Availability_1103,2021-01-01T17:00:00Z,staff_k,B,Queue_3,false
Availability_1104,2021-01-01T17:00:00Z,staff_l,B,Queue_3,false
Availability_1105,2021-01-01T19:00:00Z,staff_e,A,Queue_3,false
Availability_1106,2021-01-01T19:00:00Z,staff_f,A,Queue_3,false
Availability_1107,2021-01-01T19:00:00Z,staff_k,B,Queue_3,false
Availability_1108,2021-01-01T19:00:00Z,staff_l,B,Queue_3,false
Availability_1109,2021-01-02T09:00:00Z,staff_e,A,Queue_3,true
Availability_1110,2021-01-02T09:00:00Z,staff_f,A,Queue_3,true
Availability_1111,2021-01-02T09:00:00Z,staff_k,B,Queue_3,true
Availability_1112,2021-01-02T09:00:00Z,staff_l,B,Queue_3,true
Availability_1113,2021-01-03T04:00:00Z,staff_e,A,Queue_3,true
Availability_1114,2021-01-03T04:00:00Z,staff_f,A,Queue_3,true
Availability_1115,2021-01-03T04:00:00Z,staff_k,B,Queue_3,true
Availability_1116,2021-01-03T04:00:00Z,staff_l,B,Queue_3,true
Availability_1117,2021-01-02T16:00:00Z,staff_e,A,Queue_3,true
Availability_1118,2021-01-02T16:00:00Z,staff_f,A,Queue_3,true
Availability_1119,2021-01-02T16:00:00Z,staff_k,B,Queue_3,true
Availability_1120,2021-01-02T16:00:00Z,staff_l,B,Queue_3,true
Availability_1121,2021-01-04T11:00:00Z,staff_e,A,Queue_3,true
Availability_1122,2021-01-04T11:00:00Z,staff_f,A,Queue_3,true
Availability_1123,2021-01-02T19:00:00Z,staff_e,A,Queue_3,true
Availability_1124,2021-01-02T19:00:00Z,staff_f,A,Queue_3,true
Availability_1125,2021-01-02T19:00:00Z,staff_k,B,Queue_3,true
Availability_1126,2021-01-02T19:00:00Z,staff_l,B,Queue_3,true
Availability_1127,2021-01-03T12:00:00Z,staff_e,A,Queue_3,true
Availability_1128,2021-01-03T12:00:00Z,staff_f,A,Queue_3,true
Availability_1129,2021-01-04T09:00:00Z,staff_e,A,Queue_3,true
Availability_1130,2021-01-04T09:00:00Z,staff_f,A,Queue_3,true
Availability_1131,2021-01-04T09:00:00Z,staff_k,B,Queue_3,true
Availability_1132,2021-01-04T09:00:00Z,staff_l,B,Queue_3,true
Availability_1133,2021-01-02T10:00:00Z,staff_e,A,Queue_3,true
Availability_1134,2021-01-02T10:00:00Z,staff_f,A,Queue_3,true
Availability_1135,2021-01-02T10:00:00Z,staff_k,B,Queue_3,true
Availability_1136,2021-01-02T10:00:00Z,staff_l,B,Queue_3,true
Availability_1137,2021-01-04T08:00:00Z,staff_e,A,Queue_3,true
Availability_1138,2021-01-04T08:00:00Z,staff_f,A,Queue_3,true
Availability_1139,2021-01-04T08:00:00Z,staff_k,B,Queue_3,true
Availability_1140,2021-01-04T08:00:00Z,staff_l,B,Queue_3,true
Availability_1141,2021-01-03T00:00:00Z,staff_e,A,Queue_3,true
Availability_1142,2021-01-03T00:00:00Z,staff_f,A,Queue_3,true
Availability_1143,2021-01-03T00:00:00Z,staff_k,B,Queue_3,true
Availability_1144,2021-01-03T00:00:00Z,staff_l,B,Queue_3,true
Availability_1145,2021-01-01T22:00:00Z,staff_e,A,Queue_3,false
Availability_1146,2021-01-01T22:00:00Z,staff_f,A,Queue_3,false
Availability_1147,2021-01-01T22:00:00Z,staff_k,B,Queue_3,false
Availability_1148,2021-01-01T22:00:00Z,staff_l,B,Queue_3,false
Availability_1149,2021-01-01T14:00:00Z,staff_e,A,Queue_3,false
Availability_1150,2021-01-01T14:00:00Z,staff_f,A,Queue_3,false
Availability_1151,2021-01-01T14:00:00Z,staff_k,B,Queue_3,false
Availability_1152,2021-01-01T14:00:00Z,staff_l,B,Queue_3,false
Availability_1153,2021-01-02T15:00:00Z,staff_e,A,Queue_3,true
Availability_1154,2021-01-02T15:00:00Z,staff_f,A,Queue_3,true
Availability_1155,2021-01-02T15:00:00Z,staff_k,B,Queue_3,true
Availability_1156,2021-01-02T15:00:00Z,staff_l,B,Queue_3,true
Availability_1157,2021-01-02T17:00:00Z,staff_e,A,Queue_3,true
Availability_1158,2021-01-02T17:00:00Z,staff_f,A,Queue_3,true
Availability_1159,2021-01-02T17:00:00Z,staff_k,B,Queue_3,true
Availability_1160,2021-01-02T17:00:00Z,staff_l,B,Queue_3,true
Availability_1161,2021-01-02T07:00:00Z,staff_e,A,Queue_3,true
Availability_1162,2021-01-02T07:00:00Z,staff_f,A,Queue_3,true
Availability_1163,2021-01-02T07:00:00Z,staff_k,B,Queue_3,true
Availability_1164,2021-01-02T07:00:00Z,staff_l,B,Queue_3,true
